ID,Account,Date,Description,Amount
dfb767bf4b2fe29a10c9f57169cdd22a2b1f2a66,RBC Chequing,5/21/2026,C-IDP PURCHASE-3176 GRIT,-4.36,cad
95d7fa4329e5cc484c46bdb47fd991b0a6ab3f96,RBC Chequing,5/21/2026,C-IDP PURCHASE-8294 VIVIO FLOWER GA,-52.59,cad
74998751aa13a394ffd3cbc5ce48e11b2d3079ba,RBC Chequing,5/22/2026,PAYROLL DEPOSIT IBM Canada Ltd.,5229.55,cad
b0da72b3c7fecddabb5eb3e5660d1f19f9b9f44c,RBC Chequing,5/22/2026,C-IDP PURCHASE-8439 SQ *PORT MOODY,-33.00,cad
9e638338e33adea75e8bdae4d8da0804d235f3e7,RBC Chequing,5/25/2026,Email Trfs E-TRANSFER SENT,-30.00,cad
b688364a815b7f4080cccc69d289eda5cdec92e2,RBC Chequing,5/26/2026,BILL PAYMENT Telus Mobility,-151.49,cad
c3e5c670ec04d1991d88f72815d0a4b5e0cb03a2,RBC Chequing,5/26/2026,Email Trfs E-TRANSFER SENT,-30.00,cad
f43b08399e40f3006a67aa0a35a2afb786f805e8,RBC Chequing,5/29/2026,PAYROLL DEPOSIT BURNABY #41 TEA,1645.36,cad
e3ae9324a010fab4ebdc496ed83c834007c16e7e,RBC Chequing,5/29/2026,BILL PAYMENT Telus Comm,-173.60,cad
a7dfc4d8cd17da6053359621a1801f4fe907da1a,RBC Chequing,6/1/2026,MISC PAYMENT BCS 2592 - Boar,-640.37,cad
fb73699a9c498099028f44125d0d705b6964fd6c,RBC Chequing,6/1/2026,Email Trfs E-TRANSFER SENT,-35.00,cad
42de926571305274b213c4cc923dd9cb6b796e63,RBC Chequing,6/1/2026,Email Trfs E-TRANSFER SENT,-638.00,cad
d10616076738efc8227112ec4a4aa361f98f3605,RBC Chequing,6/1/2026,C-IDP PURCHASE-2198 SQ *STEAM AND S,-21.52,cad
ee41d526872d033f3631f2cf0f3d06000a34a6f6,RBC Chequing,6/2/2026,MISC PAYMENT Block 8 Academy,-45.00,cad
2d3c515386b472328d0119063189779a4d8eb7ab,RBC Chequing,6/2/2026,Payment WWW PAYMENT - 1871 PORT MOODY TA,-3202.02,cad
1d0b18e79920c968f761c4f20111c76e2a2ab5e1,RBC Chequing,6/2/2026,Transfer WWW TRANSFER - 1888,-12139.88,cad
8ec6bf9c28ad99d262a49274a05d12b3c20ba328,RBC Chequing,6/3/2026,Email Trfs E-TRANSFER SENT,-150.00,cad
8ba43c9bc28103e9515c4321831f9fd01022764f,RBC Chequing,6/4/2026,Email Trfs E-TRANSFER SENT,-155.40,cad
c5dde2bb9fc385872051ca89b10e00f35d03f875,RBC Chequing,6/5/2026,PAYROLL DEPOSIT IBM Canada Ltd.,5314.23,cad
51e526193a42400c2675e62e6c9b4a21eeb8729d,RBC Chequing,6/5/2026,MONTHLY FEE,-16.95,cad
1716f66c8fc249ebfebc98371ce72e22ce534081,RBC Chequing,6/10/2026,HYDRO BILL PMT B.C. HYDRO-PAP,-101.28,cad
e1227aa4ec7ed9b59648c10729ba468cda1ef43f,RBC Chequing,6/10/2026,C-IDP PURCHASE-3534 SAFEWAY #4913,-46.79,cad
174888254472f8eed397e750dca58ae1a0c57d24,RBC Chequing,6/11/2026,MISC PAYMENT BNS PREAUTH PMT,-168.86,cad
2aea189b0580c7c2e263999a773b4ac65bf5d2cb,RBC Chequing,6/12/2026,SQ *H&B HOSPITA IDP PURCHASE - 3888,-12.60,cad
79932552fbd2efc60c48218b0db96061e99e36c2,RBC Chequing,6/12/2026,PAYROLL DEPOSIT BURNABY #41 TEA,1645.00,cad
b1d457acb918d85015c7a261bc3754f4f5c5c69c,RBC Chequing,6/12/2026,C-IDP PURCHASE-4478 ALPHACAFE-61616,-6.45,cad
5d99ece1aa6603d043c73c1ff23bf1886ab23fa6,RBC Chequing,6/12/2026,C-IDP PURCHASE-4440 SQ *MAMA SAID P,-95.29,cad
4ccd0568f2e0bd141717098fac9e73feaa96e829,RBC Chequing,6/15/2026,COSTCO WHOLESAL IDP PURCHASE - 6675,-688.07,cad
d4cfed0071cf87d9409212ae9a61ad3634e04f1a,RBC Chequing,6/15/2026,C-IDP PURCHASE-1943 MCDONALD'S #411,-12.21,cad
ff0c9535972fd2f087c318994199f0d808ae7c0a,RBC Chequing,6/15/2026,C-IDP PURCHASE-2465 TWIN SAILS BREW,-23.26,cad
655693f4dfe23306f5f1300e8286609ae32f885e,RBC Chequing,6/15/2026,C-IDP PURCHASE-8204 MICHAELS #3915,-75.63,cad
7b4433317f1638aeeba7ef2de3612c27f7dbac99,RBC Chequing,6/16/2026,Email Trfs E-TRANSFER SENT,-10.00,cad
8918415d3b2089982f4100a322fdde218bc899b7,RBC Chequing,6/17/2026,C-IDP PURCHASE-9594 WALMART STORE #,-44.05,cad
4b9976bf67407577c536e8ba6549cd809cc58c1f,RBC Chequing,6/17/2026,C-IDP PURCHASE-1740 COMPANION BOOK,-51.32,cad
e0f9abb0c58e072d502ce1f87d894d302b14a82b,RBC Chequing,6/19/2026,PAYROLL DEPOSIT IBM Canada Ltd.,5314.23,cad
e1ad1cae4ac1b378beeccac275f307b859a2fccf,RBC Chequing,6/22/2026,C-IDP PURCHASE-3886 BC LIQUOR #137,-49.92,cad
fb6eca4c99f4db1771cd2bcdaab488e5a309e40b,RBC Chequing,6/23/2026,SAFEWAY #4911 IDP PURCHASE - 2759,-46.43,cad
cfeb4e57ab6aa886e291ccaa8591568dc21b85fb,RBC Chequing,6/24/2026,SHOPPERS DRUG M IDP PURCHASE - 7807,-5.24,cad
79a246633353929fb2e1095b36fa780e60034ba9,RBC Chequing,6/24/2026,C-IDP PURCHASE-3744 KIN'S FARM NPV,-5.00,cad
b68e20a98ca4abf49aecb1ddb6a0a1f3b9718030,RBC Chequing,6/24/2026,C-IDP PURCHASE-0548 SQ *JJ BEAN COF,-10.82,cad
8783a23b172dc9a19bca12e1bd3a7b7980c2d652,RBC Chequing,6/24/2026,C-IDP PURCHASE-1096 SP UNMEDIOCRE S,-22.35,cad
e241c9e6dc8eeff76d9e207913a630af7ad9a5c9,RBC Chequing,6/24/2026,C-IDP PURCHASE-6573 SAVE ON FOODS,-126.06,cad
736427c847114c7d0fe45f5fae69eea282bf273f,RBC Chequing,6/25/2026,BILL PAYMENT Telus Mobility,-128.80,cad
0c7bfef0807be30b9298ddb81e62adb518704b0b,RBC Chequing,6/25/2026,C-IDP PURCHASE-5834 MERCADO MEXICAN,-49.88,cad
501dd9ccf1c3e2ac1ca1145391e2e2d5c228e89a,RBC Chequing,6/25/2026,C-IDP PURCHASE-1805 BC LIQUOR #137,-58.50,cad
a14485e5bb228818d234be39f60de243d5dd1630,RBC Chequing,6/25/2026,C-IDP PURCHASE-5733 STRIPPED WAX BA,-90.56,cad
8378d08cc9b064e375c90809276a5686518b2882,RBC Chequing,6/26/2026,PAYROLL DEPOSIT BURNABY #41 TEA,1537.62,cad
06ba2ea4ce9fc3f79ecb5209f6d7256b3c691b2e,RBC Chequing,6/26/2026,C-IDP PURCHASE-0215 BACKCOUNTRY PIZ,-118.78,cad
e29706d5744d63042f9b59a22a53a8ed7d4b8e77,RBC Chequing,6/29/2026,COSTCO WHOLESAL IDP PURCHASE - 3518,-600.66,cad
2d0f6dacec060875ad8587428ef14078275a1775,RBC Chequing,6/29/2026,BILL PAYMENT Telus Comm,-173.60,cad
0c2540a7afb3c5e875608f0cdc07dddf05bacdfa,RBC Chequing,6/29/2026,C-IDP PURCHASE-8467 WALMART STORE #,-26.25,cad
ae597eb613af2dec9aa010d6d3682024173a2015,RBC Chequing,6/30/2026,HEALTH/DENTAL CLAIM PAC BLUE CROSS,708.00,cad
6522eda2b1ff0a207c32e340bf3b7a749829678f,RBC Chequing,6/30/2026,C-IDP PURCHASE-3795 PLEASANT COFFEE,-7.25,cad
5e752909afc2dde362bc5e8264aba90976d2e364,RBC Chequing,7/2/2026,MISC PAYMENT BCS 2592 - Boar,-640.37,cad
2a7e103cc08d09faf011b9648282606559b03f37,RBC Chequing,7/2/2026,Email Trfs E-TRANSFER SENT,-638.00,cad
75c8bd845b623c17d43a1c182943350af7563c9f,RBC Chequing,7/2/2026,Email Trfs E-TRANSFER SENT,-2500.00,cad
a2ca254b2ddd13464dc1dd0666fa0d7584e0857e,RBC Chequing,7/3/2026,PAYROLL DEPOSIT IBM Canada Ltd.,5330.64,cad
815389b44216804cda23318be23b1f5228fba893,RBC Chequing,7/3/2026,Email Trfs E-TRANSFER SENT,-155.40,cad
66a5c54d1ac2ce7bf0bd0d9d2c0cbb1ade5524d5,RBC Chequing,7/3/2026,C-IDP PURCHASE-1925 SHOPPERS DRUG M,-71.07,cad
e885d58eca4df20c364737451fe550a0c788e437,RBC Chequing,7/3/2026,MONTHLY FEE,-16.95,cad
b0aeaf0249269692f50d8abba8b3ac3449c6046a,RBC Chequing,7/6/2026,KEITH WILSON FR IDP PURCHASE - 7398,-78.00,cad
8141f32936031b44c35a040857d354eead1ec10c,RBC Chequing,7/6/2026,C-IDP PURCHASE-8898 VALUE VILLAGE #,-29.34,cad
2a7928f0be76d336d5ab104f4623cafc8dead5d7,RBC Chequing,7/6/2026,C-IDP PURCHASE-6360 Uniqlo Canada P,-53.59,cad
533871b3b7537ed189e726f925d5f5fe8ff2d0a2,RBC Chequing,7/6/2026,C-IDP PURCHASE-0578 THRIFTY FOODS #,-61.23,cad
c5a41ce353c429051089b854a39e4619fbf95c92,RBC Chequing,7/6/2026,C-IDP PURCHASE-3473 THE SHOE COMPAN,-78.36,cad
bae3169c881bbc45cae3730a9ea8003c101d73e3,RBC Chequing,7/7/2026,MISC PAYMENT RBC CREDIT CARD,-2586.93,cad
8422f4ef7c00257a93d73b13f75ff8042e36d07b,RBC Chequing,7/7/2026,C-IDP PURCHASE-5085 THRIFTY FOODS #,-75.18,cad
6f6fa6a694a2cfaf0a6798fd2a2bddb1cfe86c5e,RBC Chequing,7/8/2026,C-IDP PURCHASE-4842 SQ *FORSTBAUER,-10.00,cad
d6f2aa866a5b443687a35791d6bc5a43024f8151,RBC Chequing,7/8/2026,C-IDP PURCHASE-3062 SQ *THE NEM FAM,-10.50,cad
303e27bd26400b324164c9d03a07cc63c55f2f49,RBC Chequing,7/8/2026,C-IDP PURCHASE-4487 SP PLEASEBEVCO,-32.20,cad
87364b5dc5e46d528de2f16d846cf0f2d7750e05,RBC Chequing,7/9/2026,C-IDP PURCHASE-9639 SieBro Bakers L,-24.10,cad
fc8525a6176645afc89e88d2d999fc673e803860,RBC Chequing,7/9/2026,C-IDP PURCHASE-9363 BC LIQUOR #205,-48.53,cad
1e5cd97bc8ba11b0fab58c5062b55a1ff0b282ee,RBC Chequing,7/9/2026,C-IDP PURCHASE-5903 THRIFTY FOODS #,-50.77,cad
b3d73ad3045014ae3a574083f4dc4079351504ed,RBC Chequing,7/13/2026,WITCHCRAFT BIST IDP PURCHASE - 0323,-113.70,cad
bb6bbe09e371b5797ac6103cb2c082eb5ce92aef,RBC Chequing,7/13/2026,C-IDP PURCHASE-9807 PASSION TEAROOM,-16.22,cad
7d6b02a65c46494a3c3278e9020a8c5fe7e612cd,RBC Chequing,7/13/2026,C-IDP PURCHASE-4012 ALOUETTE PARK M,-24.00,cad
5e41a4f681297444a24278bf9f3cf45191b93fb5,RBC Chequing,7/14/2026,Email Trfs E-TRANSFER SENT,-80.00,cad
37bfb39c17cc55ec3247266a36bfe9b42f3ce56f,RBC Chequing,7/15/2026,PAYROLL DEPOSIT BURNABY #41 TEA,1928.90,cad
aec5fd6f68868e5f17f28a51b4a46715ec9b866c,RBC Chequing,7/15/2026,Email Trfs E-TRANSFER SENT,-404.81,cad
4b09b92cf2e7c04611dcda29d1fd8917479fa438,RBC Chequing,7/17/2026,C - IDP REFUND-9095 COSTCO WHOLESAL,134.38,cad
a1c84ef5b1679db88a39e1e8fa4e58c1bd5f3ddc,RBC Chequing,7/17/2026,COSTCO WHOLESAL IDP PURCHASE - 1980,-549.99,cad
a487b3196e534f3916376b80af0c2a78548993d7,RBC Chequing,7/17/2026,PAYROLL DEPOSIT IBM Canada Ltd.,5400.44,cad
9a2417fbf66ace9948042abedf2a2440ecbcc70a,RBC Chequing,7/17/2026,C-IDP PURCHASE-1229 COSTCO WHOLESAL,-186.10,cad
a87f3ca13cb4967f2726ff1e9b6630faf11112bd,RBC Chequing,7/20/2026,CHEQUE - # 071,-10.00,cad
924d933f94d486aa9afc22433e06128e602c2f83,RBC Chequing,7/20/2026,C-IDP PURCHASE-2375 SALARMY HASTING,-7.99,cad
37d30a0319a65f36530ae19ee3a673159c83e901,RBC Chequing,7/20/2026,C-IDP PURCHASE-2465 STARBUCKS COFFE,-19.64,cad
fbfdb253d6276eed59ed90fd0ea75eb3cb21bf8d,RBC Chequing,7/20/2026,C-IDP PURCHASE-1299 COMPANION BOOK,-28.34,cad
9fe4d78406e23bb2d99fedc8cbe2c67d74294fbf,RBC Chequing,7/20/2026,C-IDP PURCHASE-8590 KEITH WILSON FR,-39.00,cad
7fc0c3694d900542ffa60d2f2460ef11cf761d75,RBC Chequing,7/20/2026,C-IDP PURCHASE-6927 SHOPPERS DRUG M,-55.16,cad
4c2c10d433da796079f30160ee4f7d1c5b1a3081,RBC Chequing,7/21/2026,C-IDP PURCHASE-9096 STARBUCKS COFFE,-6.56,cad
6511a31faa49aa3944493d38f67d5d87f1b748c8,RBC Savings,5/25/2026,E-TRF AUTODEPOSIT,50.00,cad
f6d83fd8265f93d384680534ac41eb0be505c926,RBC Savings,6/1/2026,DEPOSIT INTEREST,1.49,cad
bdacbc081299e885e6554ea4644680df1e0c2809,RBC Savings,6/22/2026,E-TRF AUTODEPOSIT,1050.00,cad
9c2668c476eb64213c3ff093c4dff599b2ecc546,RBC Savings,7/2/2026,DEPOSIT INTEREST,1.60,cad
dc81dfb0734aa2ed04fce022bff648b48e79af13,RBC Savings,7/15/2026,E-TRF AUTODEPOSIT,472.09,cad
5dfa508bb2afdd8038930734f196b83e64148a9d,RBC Savings,7/15/2026,E-TRF AUTODEPOSIT,552.17,cad
21a55e19b1bb9f3573150d9a46163faf944d433d,RBC Savings,7/15/2026,E-TRF AUTODEPOSIT,568.75,cad
cfc61552c8a2c9de88ea7369b1e03376d1c03b3a,RBC Savings,7/17/2026,E-TRF AUTODEPOSIT,230.00,cad
e2285fa3e7a21dc0c908141f323288394f24a469,RBC Savings,7/20/2026,E-TRF AUTODEPOSIT,200.00,cad
ed785594241e90dbd79eec4f750c9643f6d69486,RBC Visa,6/15/2026,M.S.T. AUTOMOTIVE REPAIR PORT MOODY BC,-752.84,cad
9d7c522f2621e50228a6e4b1119b391aee4571ec,RBC Visa,6/15/2026,EXPRESS WASH/001046632 PORT COQUITLABC,-17.84,cad
7cf3dfc73f304767cb25ea414221f53f3404b762,RBC Visa,6/15/2026,CHV43054 POCO CHEVRON PORT COQUITLABC,-83.80,cad
b314678ee8cdfed0d25caec9b799208c26b9a9fc,RBC Visa,6/15/2026,CHV43105 PORT MOODY ON PORT MOODY BC,-100.46,cad
afcce610acbd5c120e7723247b52b3cf7a75c0a9,RBC Visa,6/15/2026,THRIFTY FOODS #9470 PORT MOODY BC,-35.99,cad
1f0028a862151ff049957e02af0a4078bd351864,RBC Visa,6/15/2026,ICBC POCO DRIVER LICEN PORT COQUITLABC,-75.00,cad
30e7400945e357ba14af8067759c0296e0f08223,RBC Visa,6/15/2026,UBER CANADA/UBERTRIP TORONTO ON,-16.94,cad
aae51b9039f93a2ba4d5f21af7bef2dccb16ce3b,RBC Visa,6/16/2026,M.S.T. AUTOMOTIVE REPAIR PORT MOODY BC,-116.60,cad
f125aa20376938b09da631a204489d595a6faeb3,RBC Visa,6/16/2026,APPLE.COM/BILL 866-712-7753 ON,-12.31,cad
fe3ae1863b3cb7c5e114750f4b451c6d7c85c2a9,RBC Visa,6/16/2026,SQ *MAMA SAID PIZZA RESTAPort Moody BC,-17.20,cad
45ad6594047ecf10bd5a44352f5ea4e1a7df5d38,RBC Visa,6/16/2026,ARITZIA.COM 855-274-8942 BC,-220.42,cad
ad7e9bb486d3f7ae43650e5d72fe47e2ecefbd84,RBC Visa,6/16/2026,SHOPPERS DRUG MART #22 PORT MOODY BC,-27.97,cad
0e25757f0fb21ebb3cd430b75b5cdb4c72cdf4ab,RBC Visa,6/18/2026,BC PLACE VANCOUVER BC,-26.75,cad
92700900d2c01e46097493975101200a21d6113c,RBC Visa,6/18/2026,POURHOUSE RESTAURANT VANCOUVER BC,-58.35,cad
6cb78b1082e7fdfb11d12f71774bf27432f5bab5,RBC Visa,6/18/2026,GAP.COM 800-427-7895 ON,-199.35,cad
3fc70175fbf197e73fd3c33699b2257c9dce74cc,RBC Visa,6/18/2026,AMZN Mktp CA*FR1MS6JX3 866-216-1072 ON,-83.96,cad
4267f848f7b514000c6800943da612ead96e530b,RBC Visa,6/18/2026,Amazon.ca*9E70L7KJ3 866-216-1072 ON,-15.67,cad
c803fc6c9f36bdda6a31cab04365ccff2406df6a,RBC Visa,6/18/2026,SKIPTHEDISHES WINNIPEG (BROMB,-62.82,cad
dde223fd356dbf17713b5ce15fcee42a576c6ac1,RBC Visa,6/19/2026,INDIGO 975 VANCOUVER BC,-21.00,cad
7ee51980f73531ce11f730e776e47bb41720f52d,RBC Visa,6/19/2026,PC EXPRESS 1526 COQUITLAM BC,-207.46,cad
5051e0f4f3b1afd096506855de46e13cd9d1cdb3,RBC Visa,6/19/2026,COMPASS ACCOUNT BURNAB BURNABY BC,-6.60,cad
31bfb71eaefe4ede70ac3730b18e77089e83afc0,RBC Visa,6/19/2026,CACTUS CLUB COAL HARBO VANCOUVER BC,-60.16,cad
f4f044d083f090e3f3378ce407c4fae73dd873cf,RBC Visa,6/20/2026,ESSO 7-ELEVEN 37877 ABBOTSFORD BC,-43.17,cad
15ad5f4edf4bacd9075fafe993d9aa7c79aef069,RBC Visa,6/20/2026,COMPASS ACCOUNT BURNAB BURNABY BC,-1.60,cad
72050abee579d40a7dca6beb6a8bffa271c882dd,RBC Visa,6/22/2026,SKIPTHEDISHES WINNIPEG (BROMB,-82.10,cad
5c79a8fce6a8454b9856531e92858a7b002523ba,RBC Visa,6/22/2026,APPLE.COM/BILL 866-712-7753 ON,-1.44,cad
cf5220e82cd02625833a745f66904e957fae1e8b,RBC Visa,6/22/2026,NETFLIX.COM 844-5052993 BC,-21.27,cad
ae9355eb38fcc09620990a65a89be65f42b99902,RBC Visa,6/22/2026,SCAN TO PAY CANADA 778-7252377 BC,-2.50,cad
d12a9562bf9da4fd6f4c002c7f4b798e28de8017,RBC Visa,6/23/2026,TST-Old Yale Brewing - Abbotsford BC,-106.67,cad
38761a10daed79ff059aaf9f150ab81a657cb6ab,RBC Visa,6/23/2026,CS *SPORTCHEK GC 855-793-8451 ON,-100.00,cad
aa4f91a58447de8bbfac7159f1d597dca9bcb590,RBC Visa,6/23/2026,RBC LIFE INSURANCE CO. MISSISSAUGA ON,-54.72,cad
dcfea61ea509477cce7c4a73035cb224f1bd54eb,RBC Visa,6/24/2026,CONCORD PARKING BURNABY BC,-4.85,cad
ee964905cd4389f2d199360c428815a1fe780a31,RBC Visa,6/24/2026,BROWNS SH BRENTWOOD BURNABY BC,-26.33,cad
6e7a3dc9ed31225e3145cc7f8c545b1ef48df632,RBC Visa,6/25/2026,SQ *MAMA SAID PIZZA RESTAPort Moody BC,-17.10,cad
2c03d647dacae80486e11d2632e4aa72c11c439e,RBC Visa,6/25/2026,Amazon.ca 866-216-1072 ON,15.67,cad
50547fa91ded2ecf6a64cf6aba478000c8640404,RBC Visa,6/25/2026,CLR*Block 8 Academy 778-8939706 BC,-52.63,cad
0309b00ba16eeb84c047ca694298edc5ba51ff64,RBC Visa,6/25/2026,SAFEWAY #4913 BURNABY BC,-57.17,cad
32f31d7836cf42ec863fda854d28aced0ca9c2dc,RBC Visa,6/26/2026,DAY LOTS PARKING WHISTLER BC,-1.00,cad
0b5273e07977d5bab57ee52b17bd9db46821c978,RBC Visa,6/26/2026,WWW.F1.COM LONDON,-99.99,cad
d7c12e97190db3b91dd9478e6fa40081168efcae,RBC Visa,6/26/2026,ESSO 7-ELEVEN 37857 VANCOUVER BC,-60.09,cad
506c51fad441dc66925a4b3d62c25a7dc0ffce09,RBC Visa,6/27/2026,EMS Whistler BC,-39.19,cad
97d73ed35d10e86bb5a883ab7c9550ba9d3a833a,RBC Visa,6/27/2026,PEMBERTON BREWING COMPANYPEMBERTON BC,-19.97,cad
9e06bf89208cf3a1b21a5310665c76e945234f12,RBC Visa,6/27/2026,PEMBERTON BREWING COMPANYPEMBERTON BC,-18.98,cad
b6939e8191b250604a87a861a673a02de5f32638,RBC Visa,6/27/2026,Amazon Channels amazon.ca BC,-13.43,cad
7b9c8f91d4c4fdf657b9e5903f545fbf648ceed2,RBC Visa,6/27/2026,BC LIQUOR #101 PEMBERTON BC,-48.96,cad
ae0b1e8cff9e107e85c81015f08d42a51f89a422,RBC Visa,6/28/2026,DAY LOTS PARKING WHISTLER BC,-10.00,cad
eb9e202075b9e2d040fe8bfae9116e8b0374f5e5,RBC Visa,6/28/2026,SHELL C20839 SQUAMISH BC,-54.66,cad
7e654945302d332f6f2fd9f50124f164d530458c,RBC Visa,6/28/2026,THE WHISTLER WAREHOUSE WHISTLER BC,-69.61,cad
ff533fa6a555fa02e7c79a77d26bd74fb78dbb05,RBC Visa,6/29/2026,INDIGO PARK-RESERVATIO VANCOUVER BC,-1.26,cad
fe1fc0874f169a52e2baec0e7a6033f49d99bc18,RBC Visa,6/29/2026,INDIGO PARK-RESERVATIO VANCOUVER BC,-0.88,cad
b8ae454e33e52f9c3a3ece09d2d48ada0a1311be,RBC Visa,6/29/2026,INDIGO PARK-RESERVATIO VANCOUVER BC,-1.64,cad
1340eddcc66985ad2a94e301f2285e585d40e84a,RBC Visa,6/30/2026,AMZN Mktp CA*HN89Y28R3 866-216-1072 ON,-29.11,cad
ef4cd7f6e40fb5ee8b3a012a12374ea81c17a395,RBC Visa,6/30/2026,AMZN Mktp CA*W405P1UB3 866-216-1072 ON,-36.95,cad
8bb58296f1f56c3bc24779c6788a618116ce7ff9,RBC Visa,6/30/2026,AMZN Mktp CA*0U5H52AA3 866-216-1072 ON,-63.08,cad
9116c2aed8cb38ca78e6423aa9fff754f4380f4d,RBC Visa,6/30/2026,INDIGO PARK-RESERVATIO VANCOUVER BC,-1.26,cad
7e1ac383617505a86ef0bf28ec31c96786bc5949,RBC Visa,7/1/2026,SQ *BLAZE GOURMET BURGERSPort Moody BC,-45.42,cad
1d8df18233a367fe63ee7f65955587a17e23c145,RBC Visa,7/1/2026,SQ *ALOHAAA - HAWAIIAN INCoquitlam BC,-10.50,cad
85b08c606cc6d3965f3b8ebb32f90f65e3ef6d9d,RBC Visa,7/1/2026,SQ *PORT MOODY Port Moody BC,-31.03,cad
e7cc814905622fd5a23a5c325924195807bf36aa,RBC Visa,7/1/2026,AMZN Mktp CA*9Z5V52WT3 866-216-1072 ON,-27.99,cad
30e961c17fa793c91a47f2df80db56a9d4177bfc,RBC Visa,7/2/2026,APPLE.COM/BILL 866-712-7753 ON,-12.31,cad
b22e3339ba3b1b1aeaebb08245c211444367f10d,RBC Visa,7/3/2026,SieBro Bakers Ltd. Port Moody BC,-10.40,cad
3847013649ecaedbf03f857de79e38e0cabde43d,RBC Visa,7/3/2026,TST-Yellow Dog Brewing Port Moody BC,-18.51,cad
5b158925aa195a1138f6f5c016062e0b05e4fd28,RBC Visa,7/3/2026,THRIFTY FOODS #9470 PORT MOODY BC,-112.15,cad
c2725a9ef78bad0c15b56b26f65cc2e9f74c9d07,RBC Visa,7/3/2026,PORT MOODY PUBLIC LIBRARYPORT MOODY BC,-22.15,cad
724de6dc27f479f7ffcd0428f11df7fe12081f45,RBC Visa,7/3/2026,Amazon.ca*5418X6IL3 866-216-1072 ON,-8.37,cad
9e08c466b9ec40690aee63cee17090d16f88e6ef,RBC Visa,7/3/2026,AMZN Mktp CA*3Q4WW63L3 866-216-1072 ON,-63.48,cad
2ce3788ab7bc1c1173594f657a3ead5cefc0a2bd,RBC Visa,7/3/2026,AMZN Mktp CA*PY8538RZ3 866-216-1072 ON,-40.31,cad
702419819ee91d84b0d93ed9646704aeac518b6e,RBC Visa,7/3/2026,APPLE.COM/BILL 866-712-7753 ON,-16.79,cad
051d9450effd3496c0c31953120e02d8ab8c7e06,RBC Visa,7/3/2026,Amazon.ca*3G8SB1L53 866-216-1072 ON,-18.83,cad
5ee79fe7d9ed660fba09e049751f0b6d4efc39ce,RBC Visa,7/3/2026,GRUMPIG'S KITCHEN SURREY BC,-19.26,cad
87c9638c717faa8bcb8ea2f4ccf49a40e7d10cbd,RBC Visa,7/4/2026,DISNEY PLUS 407-5662897 CA,-17.91,cad
eedc917ae327eb3122621627f52840dc2b004dc8,RBC Visa,7/4/2026,TST-Yellow Dog Brewing Port Moody BC,-16.10,cad
3b8675779503cde1942bf1edcde09666f4b2d20f,RBC Visa,7/4/2026,COASTAL SPIRITS AND WINE PORT MOODY BC,-110.70,cad
da5a11d9433e42407835db0888479a4cd4f899ed,RBC Visa,7/5/2026,7-ELEVEN STORE #37877 ABBOTSFORD BC,-3.84,cad
9ba423d98177911eb645ef9fd26f4d235616eaa8,RBC Visa,7/5/2026,ESSO 7-ELEVEN 37877 ABBOTSFORD BC,-57.58,cad
483c8370acba8814be72fe75e7ec8cf034b2aaff,RBC Visa,7/6/2026,AUTOMATIC PAYMENT -THANK YOU,2586.93,cad
14fd9f38c1114f813a20f06a77cff2f65a6be8e0,RBC Visa,7/6/2026,WWW.LIFEONTHECOURT.COM REGINA SK,-29.99,cad
8fddd2de019caffa80f830fbd32b699789dde4e6,RBC Visa,7/6/2026,AMZN Mktp CA*B51DO9G83 866-216-1072 ON,-51.51,cad
adf19dffdd61ff63e33b9cfca5c6c9cf7165c591,RBC Visa,7/7/2026,AMZN Mktp CA*1O1QP2KY3 866-216-1072 ON,-103.93,cad
240fd9fecc3c48c2a91c66ba510545eddc5fd394,RBC Visa,7/8/2026,SUSHI MODO PORT MOODY PORT MOODY BC,-95.59,cad
8ea1cdcea9fcb0656175d303840d3e9eecede6a1,RBC Visa,7/8/2026,CAFFE ARTIGIANO BURNABY BC,-4.15,cad
604bd7c51419ba54761d6feac9d38080a16078c3,RBC Visa,7/8/2026,PC EXPRESS 1526 COQUITLAM BC,-315.27,cad
f0fee6714c8639571c7366436375dcc863835c4e,RBC Visa,7/8/2026,CIOFFIS MEAT MARKET D BURNABY BC,-41.31,cad
bdc6c13fcf1c35085600a71caaaca2862bc4ea78,RBC Visa,7/9/2026,RONA COQUITLAM 61260 COQUITLAM BC,-38.06,cad
2fa2e7483770d97e05c1fb4ce3c44c7017c423a9,RBC Visa,7/9/2026,THRIFTY FOODS #9470 PORT MOODY BC,-8.58,cad
2967a0f30d9dc7964a074db4a482ecce67f7d7ac,RBC Visa,7/9/2026,THRIFTY FOODS #9470 PORT MOODY BC,-8.91,cad
3fd9f131c49f04ba660de41bdf676ff1b15455eb,RBC Visa,7/9/2026,THRIFTY FOODS #9470 PORT MOODY BC,-29.38,cad
5f88151806ad8190e6c1f36a048732633ae136e1,RBC Visa,7/9/2026,WAL-MART SUPERCENTER#1208COQUITLAM BC,-47.16,cad
8ad0de06182ea6850d8de77a93e609324a54068d,RBC Visa,7/10/2026,ALOUETTE PARK MANAGEMENT MAPLE RIDGE BC,-22.50,cad
aa3db0ee0dc1904242716f03934b16cdf4945c9c,RBC Visa,7/10/2026,Audible CA*2Y7OY3973 Amzn.com/billNJ,-16.74,cad
ebb60a7dfa0eb6cec858f7401dc6e3b3cca4c52d,RBC Visa,7/11/2026,THE WITCH OF ENDOR LRS MAPLE RIDGE BC,-3.00,cad
65133aacd7a1cc2bf7ed9579c9e615b270141d2f,RBC Visa,7/12/2026,SHELL C00026 COQUITLAM BC,-46.71,cad
fcba32760026a3346774a87a318f914efc275810,RBC Visa,7/13/2026,NOVA BAR & GRILL PORT MOODY BC,-155.82,cad
5015d47795e76216a62173cf3a2e2b0814925571,RBC Visa,7/13/2026,DOORDASHGOODPHOGR DOWNTOWN TOROON,-98.49,cad
77abc6b42c3846fa1a51a6c785cb698d8aa091a7,RBC Visa,7/14/2026,Thule Canada Inc Quebec QC,-433.91,cad
33f289cbff3436a63fbc9040f664cddf68e52cb5,RBC Visa,7/14/2026,CONCORD PARKING BURNABY BC,-6.50,cad
2e7ec1e8b747bb8451010c3af7868ac5699041ca,RBC Visa,7/14/2026,MOODY MEAT MARKET PORT MOODY BC,-11.50,cad
b886c7ecfe4a81b7a2d257c3ea5c6a0b7c40e380,RBC Visa,7/14/2026,DELTA AIR 0064827798558MONTREAL QC,-224.38,cad
0106ea8815d94fba31b2c19f4476f880b0c6834c,RBC Visa,7/14/2026,DELTA AIR 0064827798559MONTREAL QC,-224.38,cad
50642590c632abdcf1dc1664565654f38e31a2cc,RBC Visa,7/14/2026,DELTA AIR 0064827798560MONTREAL QC,-224.38,cad
d458c5857851d022e15705702e60b43d7a31e4f7,RBC Visa,7/14/2026,DELTA AIR 0064827798561MONTREAL QC,-224.38,cad
568b285594a523cc092aed154e61e8f71371f8ad,RBC Visa,7/15/2026,COASTAL SPIRITS AND WINE PORT MOODY BC,-56.07,cad
72da1a0b23d1379be5b3c5a2ecd4e24cf2517c87,RBC Visa,7/15/2026,SQ *BANTER ICE CREAM ABBOAbbotsford BC,-16.30,cad
2b02df0b50b4fc2de05ed4359c1e447f92491125,RBC Visa,7/15/2026,GAP.COM 800-427-7895 ON,121.88,cad
6619313a4064a89cd34e0fea3c1790a46e6aaa1f,RBC Visa,7/15/2026,Amazon.ca*AW9264MO3 866-216-1072 ON,-39.37,cad
1430b00c7c6b1f69329bd3cd7ab7653682057a83,RBC Visa,7/16/2026,SQ *TWIN SAILS BREWING Port Moody BC,-7.33,cad
789394dc2c7892be90490f83754d1acff8559fd1,RBC Visa,7/15/2026,AIR CAN* 0142332129284AIRCANADA.COMMB,-344.40,cad
4d8ee325bba990c6aa5ce3e2f277d03de509083a,RBC Visa,7/15/2026,SKT FARM MARKET ABBOTSFORD BC,-47.46,cad
87d069ea69e62344b7a1caaf1b311b7ecfa543c0,RBC Visa,7/15/2026,AIR CAN* 0142332129281AIRCANADA.COMMB,-344.40,cad
1ac70884dbcab86bd705883d82675b4c4eb73766,RBC Visa,7/15/2026,AIR CAN* 0142332129282AIRCANADA.COMMB,-344.40,cad
3e43a6ea94c40a912c3d50e777f7cfa0ddff3466,RBC Visa,7/15/2026,AIR CAN* 0142332129283AIRCANADA.COMMB,-344.40,cad
611665f388019edf7e0927d7f8b60816ed7f0fa6,RBC Visa,7/16/2026,APPLE.COM/BILL 866-712-7753 ON,-12.31,cad
9e50d10abcad2da81a7f396a3ad3090eb13f8f9e,RBC Visa,7/16/2026,AMZN Mktp CA*XJ28C9G03 866-216-1072 ON,-20.15,cad
4383fe8344587de903de7e1e7c0548b201eb7e12,RBC Visa,7/16/2026,SUTER BROOK PARKING VANCOUVER BC,-1.70,cad
7f0574ab5aba274b72e9135a439b990b29114e91,RBC Visa,7/16/2026,SieBro Bakers Ltd. Port Moody BC,-5.75,cad
d0e5750c1f3a9437cc5243eda2c8231ff3007cda,RBC Visa,7/16/2026,CPC SCP/POSTE CANADA P OTTAWA ON,-105.79,cad
916d199b632af2dbbe009803755cfe4e0f2b3111,RBC Visa,7/17/2026,AMZN Mktp CA 866-216-1072 ON,29.39,cad
63539eae616a8564b47d8ad04698261e9513606b,RBC Visa,7/16/2026,THRIFTY FOODS #9470 PORT MOODY BC,-63.61,cad
41b5344695977c2561fda2ff45b3cb8f512c6851,RBC Visa,7/18/2026,SQ *BOSS HOGS BBQ Vancouver BC,-90.30,cad
d9acb7bb42c4eacaf03a34c813f991cacb19edfe,RBC Visa,7/18/2026,BETTER MEALS BURNABY BC,-62.00,cad
5f3dd018358e95294985ba0b8c21c27faea2db9f,RBC Visa,7/18/2026,BEACH ACRES RESORT 250-2483424 BC,-2587.50,cad
d9f21d1b3b69f324fa015e4f723b3f50abd441a1,RBC Visa,7/18/2026,SQ *ROCKY POINT ICE CREAMPort Moody BC,-20.00,cad
20d8e24c2535dd5720b3251d46ad30649a939f4d,RBC Visa,7/19/2026,PAYMENT - THANK YOU / PAIEMENT - MERCI,4000.00,cad
3b6627f94f0c8633c49900022e6bdce7a995d293,RBC Visa,7/19/2026,ARITZIA.COM 855-274-8942 BC,-35.84,cad
05693447742bfcb21c2f829acdb5f6dd932c28c5,RBC Visa,7/19/2026,ESSO 7-ELEVEN 37877 ABBOTSFORD BC,-67.53,cad
d5a71971c60aa42e2d8c5472668cae51d1413909,RBC Visa,7/21/2026,WAVES COFFEE COQ CTRE COQUITLAM BC,-4.99,cad
ae2e98c6bec2f3e70b67bf9dbf1667c9c0609669,RBC Visa,7/22/2026,SQ *MAMA SAID PIZZA RESTA8774174551 BC,-140.48,cad
99a6fbbbee2f7875c94a8d548ecc212004e88fbe,RBC Visa,7/22/2026,Amazon.ca*3I2710P53 866-216-1072 ON,-60.32,cad
